"Question","Option1","Option2","Option3","Option4","Answer","Topic","Subtopic"
"If a coin is tossed thrice, what is the probability of getting at least one head?"," \( \frac{1}{8} \)"," \( \frac{1}{4} \)"," \( \frac{3}{8} \)"," \( \frac{7}{8} \)"," \( \frac{7}{8} \)"," Probability"," coin_toss"
"When tossing a coin 5 times, what is the probability of getting exactly 3 heads?"," \( \frac{10}{32} \)"," \( \frac{16}{32} \)"," \( \frac{5}{32} \)"," \( \frac{20}{32} \)"," \( \frac{10}{32} \)"," Probability"," coin_toss"
"If a coin is tossed once, what is the probability of getting more than 1 head?"," \( \frac{1}{2} \)"," \( 0 \)"," \( \frac{1}{4} \)"," \( \frac{1}{8} \)"," \( 0 \)"," Probability"," coin_toss"
"What is the probability of getting less than 2 heads when a coin is tossed twice?"," \( \frac{3}{4} \)"," \( \frac{1}{4} \)"," \( \frac{1}{2} \)"," \( \frac{1}{8} \)"," \( \frac{3}{4} \)"," Probability"," coin_toss"
"What is the probability of rolling a 3 on a fair six-sided die?"," \( \frac{1}{6} \)"," \( \frac{1}{3} \)"," \( \frac{1}{2} \)"," \( \frac{1}{4} \)"," \( \frac{1}{6} \)"," Probability"," die_throw"
"What is the probability of rolling an even number on a fair six-sided die?"," \( \frac{1}{6} \)"," \( \frac{1}{2} \)"," \( \frac{1}{3} \)"," \( \frac{1}{4} \)"," \( \frac{1}{2} \)"," Probability"," die_throw"
"What is the probability of rolling a number greater than 4 on a fair six-sided die?"," \( \frac{1}{6} \)"," \( \frac{1}{3} \)"," \( \frac{1}{2} \)"," \( \frac{1}{4} \)"," \( \frac{1}{3} \)"," Probability"," die_throw"
"What is the probability of rolling a number less than 5 on a fair six-sided die?"," \( \frac{1}{6} \)"," \( \frac{2}{3} \)"," \( \frac{1}{2} \)"," \( \frac{1}{4} \)"," \( \frac{2}{3} \)"," Probability"," die_throw"
"What is the probability of rolling a number that is a multiple of 3 on a fair six-sided die?"," \( \frac{1}{6} \)"," \( \frac{1}{3} \)"," \( \frac{1}{2} \)"," \( \frac{1}{4} \)"," \( \frac{1}{3} \)"," Probability"," die_throw"
"What is the probability of drawing an Ace from a standard deck of 52 playing cards?"," \( \frac{4}{52} \)"," \( \frac{1}{13} \)"," \( \frac{1}{4} \)"," \( \frac{1}{2} \)"," \( \frac{1}{13} \)"," Probability"," playing_cards"
"If one card is drawn from a standard deck of 52 playing cards, what is the probability of drawing a heart?"," \( \frac{13}{52} \)"," \( \frac{1}{4} \)"," \( \frac{1}{2} \)"," \( \frac{3}{13} \)"," \( \frac{1}{4} \)"," Probability"," playing_cards"
"What is the probability of drawing 2 Aces in a row from a deck without replacement?"," \( \frac{4}{52} \times \frac{3}{51} \)"," \( \frac{1}{13} \times \frac{3}{51} \)"," \( \frac{1}{13} \times \frac{4}{52} \)"," \( \frac{1}{17} \)"," \( \frac{12}{2652} \)"," Probability"," playing_cards"
"If a card is drawn and replaced, what is the probability of drawing a Queen twice in a row?"," \( \frac{4}{52} \times \frac{4}{52} \)"," \( \frac{1}{13} \times \frac{1}{13} \)"," \( \frac{1}{169} \)"," \( \frac{2}{13} \)"," \( \frac{16}{2704} \)"," Probability"," playing_cards"
"What is the probability of drawing 1 red card and 1 black card in 2 draws without replacement?"," \( \frac{26}{52} \times \frac{26}{51} \)"," \( \frac{1}{2} \times \frac{1}{2} \)"," \( \frac{26}{52} \times \frac{26}{52} \)"," \( \frac{13}{52} \)"," \( \frac{26}{102} \)"," Probability"," playing_cards"
"What is the probability of drawing a heart given that the card drawn is red?"," \( \frac{1}{2} \)"," \( \frac{13}{26} \)"," \( \frac{1}{4} \)"," \( \frac{13}{52} \)"," \( \frac{1}{2} \)"," Probability"," conditional_probability"
"If a bag contains 3 red balls and 2 blue balls, what is the probability of drawing a red ball given that a ball drawn is blue?"," \( 0 \)"," \( \frac{3}{5} \)"," \( \frac{2}{5} \)"," \( 1 \)"," \( 0 \)"," Probability"," conditional_probability"
"In a class of 30 students, 18 are girls and 12 are boys. What is the probability that a student is a girl given that the student is not a boy?"," \( \frac{3}{5} \)"," \( \frac{6}{10} \)"," \( \frac{18}{30} \)"," \( \frac{18}{12} \)"," \( \frac{18}{18} \)"," Probability"," conditional_probability"
"What is the probability of drawing a King given that the card drawn is a face card?"," \( \frac{1}{3} \)"," \( \frac{1}{4} \)"," \( \frac{3}{12} \)"," \( \frac{1}{13} \)"," \( \frac{1}{3} \)"," Probability"," conditional_probability"
"If the probability of passing a test is 0.7 and the probability of studying is 0.8, what is the probability of passing the test given that the student studied?"," \( 0.7 \)"," \( 0.56 \)"," \( 0.8 \)"," \( 0.9 \)"," \( 0.7 \)"," Probability"," conditional_probability"
"What is the probability of choosing a prime number from the set {1, 2, 3, 4, 5, 6, 7, 8, 9, 10}?"," \( \frac{4}{10} \)"," \( \frac{3}{10} \)"," \( \frac{2}{5} \)"," \( \frac{1}{2} \)"," \( \frac{4}{10} \)"," Probability"," choosing_numbers"
"If a number is chosen from the set {1, 2, 3, 4, 5, 6, 7, 8, 9}, what is the probability that it is an odd number?"," \( \frac{4}{9} \)"," \( \frac{5}{9} \)"," \( \frac{1}{2} \)"," \( \frac{3}{9} \)"," \( \frac{5}{9} \)"," Probability"," choosing_numbers"
"What is the probability of choosing a number less than 5 from the set {1, 2, 3, 4, 5, 6, 7, 8, 9, 10}?"," \( \frac{4}{10} \)"," \( \frac{5}{10} \)"," \( \frac{6}{10} \)"," \( \frac{3}{10} \)"," \( \frac{4}{10} \)"," Probability"," choosing_numbers"
"From the set {1, 2, 3, 4, 5, 6}, what is the probability of selecting an even number?"," \( \frac{2}{6} \)"," \( \frac{1}{2} \)"," \( \frac{3}{6} \)"," \( \frac{4}{6} \)"," \( \frac{3}{6} \)"," Probability"," choosing_numbers"
"If a number is randomly selected from the set {1, 2, 3, 4, 5, 6, 7, 8, 9, 10}, what is the probability of it being a composite number?"," \( \frac{4}{10} \)"," \( \frac{5}{10} \)"," \( \frac{6}{10} \)"," \( \frac{7}{10} \)"," \( \frac{4}{10} \)"," Probability"," choosing_numbers"
"What is the probability of getting a head and a 4 when tossing a coin and a die?"," \( \frac{1}{12} \)"," \( \frac{1}{6} \)"," \( \frac{1}{2} \)"," \( \frac{1}{4} \)"," \( \frac{1}{12} \)"," Probability"," coin_die"
"If a coin is tossed and a die is rolled, what is the probability of getting a tail and an odd number?"," \( \frac{3}{12} \)"," \( \frac{1}{4} \)"," \( \frac{1}{6} \)"," \( \frac{1}{2} \)"," \( \frac{1}{4} \)"," Probability"," coin_die"
"What is the probability of getting a head and a number greater than 3 on the die?"," \( \frac{2}{12} \)"," \( \frac{1}{3} \)"," \( \frac{1}{4} \)"," \( \frac{1}{2} \)"," \( \frac{1}{4} \)"," Probability"," coin_die"
"When a coin is tossed and a die is rolled, what is the probability of getting heads or a 6?"," \( \frac{7}{12} \)"," \( \frac{2}{3} \)"," \( \frac{1}{2} \)"," \( \frac{5}{12} \)"," \( \frac{7}{12} \)"," Probability"," coin_die"
"What is the probability of getting tails and a number less than 3 on the die?"," \( \frac{1}{12} \)"," \( \frac{2}{12} \)"," \( \frac{1}{6} \)"," \( \frac{1}{4} \)"," \( \frac{1}{6} \)"," Probability"," coin_die"
"In a box containing 5 red and 3 blue balls, what is the probability of drawing a red ball?"," \( \frac{5}{8} \)"," \( \frac{3}{8} \)"," \( \frac{1}{2} \)"," \( \frac{5}{3} \)"," \( \frac{5}{8} \)"," Probability"," drawing_items"
"If you draw 2 balls from a box with 6 white and 4 black balls without replacement, what is the probability that both are black?"," \( \frac{4}{10} \times \frac{3}{9} \)"," \( \frac{4}{10} \times \frac{4}{9} \)"," \( \frac{1}{3} \)"," \( \frac{2}{5} \)"," \( \frac{1}{15} \)"," Probability"," drawing_items"
"In an urn with 3 green, 5 yellow, and 2 red balls, what is the probability of drawing a yellow ball?"," \( \frac{5}{10} \)"," \( \frac{1}{2} \)"," \( \frac{1}{3} \)"," \( \frac{5}{12} \)"," \( \frac{5}{10} \)"," Probability"," drawing_items"
"What is the probability of drawing a red ball from a box of 10 balls if 4 are red, replacing the ball each time?"," \( \frac{4}{10} \)"," \( \frac{2}{5} \)"," \( \frac{1}{3} \)"," \( \frac{3}{10} \)"," \( \frac{4}{10} \)"," Probability"," drawing_items"
"If a box contains 4 green, 3 blue, and 5 red balls, what is the probability of drawing a green ball followed by a red ball without replacement?"," \( \frac{4}{12} \times \frac{5}{11} \)"," \( \frac{1}{3} \times \frac{5}{12} \)"," \( \frac{2}{3} \times \frac{5}{12} \)"," \( \frac{4}{11} \)"," \( \frac{20}{132} \)"," Probability"," drawing_items"
"What is the probability of drawing 2 yellow balls in succession from an urn with 3 yellow and 7 white balls without replacement?"," \( \frac{3}{10} \times \frac{2}{9} \)"," \( \frac{3}{10} \times \frac{3}{9} \)"," \( \frac{1}{10} \)"," \( \frac{2}{9} \)"," \( \frac{1}{15} \)"," Probability"," drawing_items"
"If you draw a ball from a box of 5 red, 5 green, and 5 blue balls with replacement, what is the probability of drawing a blue ball?"," \( \frac{5}{15} \)"," \( \frac{1}{3} \)"," \( \frac{1}{5} \)"," \( \frac{1}{2} \)"," \( \frac{1}{3} \)"," Probability"," drawing_items"
"In a box containing 8 apples and 4 oranges, if you draw one fruit without replacement, what is the probability of drawing an orange first?"," \( \frac{4}{12} \)"," \( \frac{1}{3} \)"," \( \frac{1}{4} \)"," \( \frac{2}{3} \)"," \( \frac{1}{3} \)"," Probability"," drawing_items"
"What is the probability of drawing a white ball from a box of 6 white and 4 black balls, replacing the ball after drawing?"," \( \frac{6}{10} \)"," \( \frac{3}{5} \)"," \( \frac{1}{2} \)"," \( \frac{2}{5} \)"," \( \frac{3}{5} \)"," Probability"," drawing_items"
"If you draw 2 balls from a box of 3 red and 2 green balls with replacement, what is the probability that both are green?"," \( \frac{2}{5} \times \frac{2}{5} \)"," \( \frac{4}{25} \)"," \( \frac{1}{5} \)"," \( \frac{2}{5} \)"," \( \frac{4}{25} \)"," Probability"," drawing_items"
"If P(A) = \( \frac{1}{4} \) and P(B) = \( \frac{1}{2} \), what is P(A|B) if A and B are independent?"," \( \frac{1}{4} \)"," \( \frac{1}{2} \)"," \( \frac{1}{8} \)"," \( \frac{1}{6} \)"," \( \frac{1}{4} \)"," Probability"," conditional_probability"
"In a class of 30 students, 18 are girls and 12 are boys. What is the probability of selecting a girl given that a student is selected at random?"," \( \frac{18}{30} \)"," \( \frac{3}{5} \)"," \( \frac{12}{30} \)"," \( \frac{1}{2} \)"," \( \frac{3}{5} \)"," Probability"," conditional_probability"
"If P(A) = \( \frac{1}{3} \) and P(A ∩ B) = \( \frac{1}{6} \), what is P(B|A)?"," \( \frac{1}{2} \)"," \( \frac{1}{3} \)"," \( \frac{1}{6} \)"," \( \frac{1}{4} \)"," \( \frac{1}{2} \)"," Probability"," conditional_probability"
"In a survey, 70% of people like chocolate, and 30% like vanilla. If 20% like both, what is the probability that a person likes chocolate given they like vanilla?"," \( \frac{0.7}{0.3} \)"," \( \frac{0.2}{0.3} \)"," \( \frac{0.2}{0.7} \)"," \( \frac{0.3}{0.7} \)"," \( \frac{0.2}{0.3} \)"," Probability"," conditional_probability"
"If P(A) = \( \frac{3}{5} \) and P(B) = \( \frac{2}{5} \), what is P(A but not B)?"," \( \frac{1}{5} \)"," \( \frac{3}{5} \)"," \( \frac{1}{5} \)"," \( \frac{6}{25} \)"," \( \frac{3}{5} - P(A ∩ B) \)"," Probability"," conditional_probability"
"What is the probability of drawing a red card from a deck of cards given that a card drawn is a heart?"," \( \frac{13}{52} \)"," \( \frac{1}{4} \)"," \( \frac{1}{2} \)"," \( \frac{1}{13} \)"," \( 1 \)"," Probability"," conditional_probability"
"If there are 4 blue, 5 green, and 3 red marbles in a bag, what is the probability of drawing a green marble given that a marble drawn is not red?"," \( \frac{5}{12} \)"," \( \frac{5}{8} \)"," \( \frac{5}{3} \)"," \( \frac{1}{3} \)"," \( \frac{5}{8} \)"," Probability"," conditional_probability"
"If P(A) = \( \frac{1}{2} \) and P(B|A) = \( \frac{1}{3} \), what is P(A ∩ B)?"," \( \frac{1}{6} \)"," \( \frac{1}{3} \)"," \( \frac{1}{2} \)"," \( \frac{1}{8} \)"," \( \frac{1}{6} \)"," Probability"," conditional_probability"
"What is P(A only) if P(A) = \( \frac{1}{4} \) and P(A ∩ B) = \( \frac{1}{8} \)?"," \( \frac{1}{8} \)"," \( \frac{1}{4} \)"," \( \frac{1}{2} \)"," \( \frac{1}{16} \)"," \( \frac{1}{8} \)"," Probability"," conditional_probability"
"In a city, 40% of people own a car, and 25% own a bike. If 10% own both, what is the probability that a person owns a car but not a bike?"," \( \frac{15}{100} \)"," \( \frac{25}{100} \)"," \( \frac{10}{100} \)"," \( \frac{5}{100} \)"," \( \frac{30}{100} \)"," Probability"," conditional_probability"
"If 60% of students passed Math and 30% passed both Math and Science, what is the probability that a student passed Science given they passed Math?"," \( \frac{0.5}{0.3} \)"," \( \frac{0.3}{0.6} \)"," \( \frac{0.3}{0.4} \)"," \( \frac{0.4}{0.3} \)"," \( \frac{0.5}{0.3} \)"," Probability"," conditional_probability"
"In a deck of cards, if a card drawn is a face card, what is the probability that it is a king?"," \( \frac{1}{4} \)"," \( \frac{1}{13} \)"," \( \frac{3}{52} \)"," \( \frac{1}{3} \)"," \( \frac{1}{13} \)"," Probability"," conditional_probability"
"What is the probability of selecting an odd number from the set {1, 2, 3, 4, 5} given that the number selected is less than 4?"," \( \frac{1}{2} \)"," \( \frac{1}{3} \)"," \( \frac{1}{4} \)"," \( \frac{1}{5} \)"," \( \frac{1}{3} \)"," Probability"," conditional_probability"
"If a die is rolled, what is the probability of rolling a 4 given that an even number is rolled?"," \( \frac{1}{2} \)"," \( \frac{1}{3} \)"," \( \frac{1}{4} \)"," \( \frac{1}{6} \)"," \( \frac{1}{3} \)"," Probability"," conditional_probability"
"In a group of people, 80% like coffee, and 50% like tea. If 30% like both, what is the probability that a person likes coffee but not tea?"," \( \frac{20}{100} \)"," \( \frac{50}{100} \)"," \( \frac{30}{100} \)"," \( \frac{10}{100} \)"," \( \frac{20}{100} \)"," Probability"," conditional_probability"
"If \( P(A') = 0.7 \) and \( P(B|A') = 0.4 \), what is \( P(A' \cap B) \)?"," \( 0.28 \)"," \( 0.3 \)"," \( 0.4 \)"," \( 0.42 \)"," \( 0.28 \)"," Probability"," conditional_complement"
"In a survey, 60% of respondents like football, and 50% like basketball. If 30% like both, what is the probability that a respondent likes basketball given they don't like football?"," \( \frac{1}{2} \)"," \( \frac{1}{5} \)"," \( \frac{3}{5} \)"," \( \frac{2}{5} \)"," \( \frac{2}{5} \)"," Probability"," conditional_complement"
"If \( P(B) = 0.6 \) and \( P(A|B') = 0.25 \), what is \( P(A \cap B') \)?"," \( 0.15 \)"," \( 0.25 \)"," \( 0.3 \)"," \( 0.4 \)"," \( 0.25 \)"," Probability"," conditional_complement"
"A box contains 5 red, 4 blue, and 3 green balls. If one ball is drawn at random, what is the probability that it is blue given it is not red?"," \( \frac{1}{3} \)"," \( \frac{1}{2} \)"," \( \frac{1}{4} \)"," \( \frac{2}{5} \)"," \( \frac{1}{2} \)"," Probability"," conditional_complement"
"If \( P(A) = 0.3 \) and \( P(B|A') = 0.6 \), what is \( P(B) \) if events A and B are mutually exclusive?"," \( 0.7 \)"," \( 0.6 \)"," \( 0.3 \)"," \( 0.4 \)"," \( 0.6 \)"," Probability"," conditional_complement"
"In a group of students, 75% passed Math, and 40% passed both Math and English. What is the probability a student passed English given they failed Math?"," \( 0.6 \)"," \( 0.25 \)"," \( 0.35 \)"," \( 0.2 \)"," \( 0.2 \)"," Probability"," conditional_complement"
"If \( P(A) = 0.8 \) and \( P(B|A) = 0.5 \), what is the probability that B occurs given that A does not occur, \( P(B|A') \)?"," \( 0.1 \)"," \( 0.4 \)"," \( 0.2 \)"," \( 0.25 \)"," \( 0.4 \)"," Probability"," conditional_complement"
"A card is drawn from a standard deck. What is the probability that it is a face card given that it is not a heart?"," \( \frac{3}{13} \)"," \( \frac{1}{4} \)"," \( \frac{3}{12} \)"," \( \frac{1}{3} \)"," \( \frac{1}{4} \)"," Probability"," conditional_complement"
"If events A and B are independent, with \( P(A) = 0.5 \) and \( P(B) = 0.3 \), what is \( P(A' \cap B) \)?"," \( 0.15 \)"," \( 0.25 \)"," \( 0.35 \)"," \( 0.7 \)"," \( 0.15 \)"," Probability"," conditional_complement"
"In a factory, 90% of machines are operational. If 70% of operational machines pass quality inspection, what is the probability that a randomly selected machine passes inspection?"," \( 0.7 \)"," \( 0.63 \)"," \( 0.72 \)"," \( 0.27 \)"," \( 0.63 \)"," Probability"," conditional_complement"
"If you randomly form a three-digit number using the digits 1, 3, and 5 without repetition, what is the probability that the number is odd?"," \( \frac{1}{6} \)"," \( \frac{1}{3} \)"," \( \frac{1}{2} \)"," \( 1 \)"," \( 1 \)"," Probability"," number_formation"
"If you randomly form a three-digit number using the digits 2, 4, 6, and 8, what is the probability that the number is greater than 500?"," \( \frac{3}{8} \)"," \( \frac{1}{4} \)"," \( \frac{1}{2} \)"," \( \frac{5}{8} \)"," \( \frac{1}{2} \)"," Probability"," number_formation"
"A four-digit number is formed using the digits 1, 2, 3, and 4 without repetition. What is the probability that the number is even?"," \( \frac{1}{2} \)"," \( \frac{3}{4} \)"," \( \frac{1}{4} \)"," \( \frac{1}{8} \)"," \( \frac{1}{2} \)"," Probability"," number_formation"
"If a three-digit number is randomly formed using the digits 2, 5, and 7, what is the probability that the number is divisible by 5?"," \( \frac{1}{3} \)"," \( \frac{2}{3} \)"," \( \frac{1}{2} \)"," \( \frac{1}{6} \)"," \( \frac{1}{3} \)"," Probability"," number_formation"
"A two-digit number is formed using the digits 1, 3, 5, and 7. What is the probability that the number formed is greater than 50?"," \( \frac{1}{6} \)"," \( \frac{1}{4} \)"," \( \frac{1}{2} \)"," \( \frac{3}{4} \)"," \( \frac{1}{2} \)"," Probability"," number_formation"
"Which term describes the probability of an event not occurring?"," Complement"," Union"," Intersection"," Conditional"," Complement"," Probability"," prob_terminology"
"What is the probability of an impossible event?"," 1"," 0"," \( \frac{1}{2} \)"," Undefined"," 0"," Probability"," prob_terminology"
"Which term is used to describe two events that cannot happen at the same time?"," Independent"," Mutually Exclusive"," Complementary"," Dependent"," Mutually Exclusive"," Probability"," prob_terminology"
"In probability, what does the term 'sample space' refer to?"," All possible outcomes"," Favorable outcomes"," Complementary events"," Random events"," All possible outcomes"," Probability"," prob_terminology"
"If two events A and B are independent, which of the following is true?"," \( P(A \cap B) = P(A) + P(B) \)"," \( P(A \cap B) = P(A) \times P(B) \)"," \( P(A \cup B) = P(A) - P(B) \)"," \( P(A \cup B) = P(A) + P(B) - P(A \cap B) \)"," \( P(A \cap B) = P(A) \times P(B) \)"," Probability"," prob_terminology"
"If the occurrence of one event does not affect the occurrence of another, what type of events are they?"," Dependent events"," Independent events"," Complementary events"," Mutually exclusive events"," Independent events"," Probability"," types_of_events"
"What is the term for events that cover all possible outcomes in the sample space?"," Mutually exclusive"," Exhaustive events"," Complementary events"," Conditional events"," Exhaustive events"," Probability"," types_of_events"
"If the occurrence of event A increases the probability of event B, what are events A and B considered to be?"," Independent events"," Conditional events"," Complementary events"," Mutually exclusive events"," Conditional events"," Probability"," types_of_events"
"What is the probability of at least one event occurring in a pair of mutually exclusive and exhaustive events?"," 0"," \( \frac{1}{2} \)"," 1"," \( P(A) + P(B) \)"," 1"," Probability"," types_of_events"
"When probability is based on historical data or observation, what is it called?"," Empirical probability"," Subjective probability"," Classical probability"," Conditional probability"," Empirical probability"," Probability"," types_of_probability"
"If an experiment is conducted repeatedly and probability is calculated from the observed results, which type of probability is it?"," Classical probability"," Empirical probability"," Subjective probability"," Theoretical probability"," Empirical probability"," Probability"," types_of_probability"
"Which formula represents classical probability?"," \( P(A) = \frac{\text{Number of favorable outcomes}}{\text{Total number of outcomes}} \)"," \( P(A) = \frac{\text{Number of trials}}{\text{Total outcomes}} \)"," \( P(A) = \frac{\text{Observed frequency of A}}{\text{Total trials}} \)"," \( P(A) = \text{Personal belief about A} \)"," \( P(A) = \frac{\text{Number of favorable outcomes}}{\text{Total number of outcomes}} \)"," Probability"," types_of_probability"
"The formula \( P(A) = \frac{\text{Observed frequency of A}}{\text{Total trials}} \) represents which type of probability?"," Classical probability"," Empirical probability"," Subjective probability"," Conditional probability"," Empirical probability"," Probability"," types_of_probability"
"In classical probability, if there are 4 favorable outcomes out of 20, what is \( P(A) \)?"," \( \frac{1}{5} \)"," \( \frac{1}{4} \)"," \( 4 \)"," \( \frac{4}{5} \)"," \( \frac{1}{5} \)"," Probability"," types_of_probability"
"Which type of random variable can take on only specific, countable values?"," Continuous random variable"," Discrete random variable"," Categorical random variable"," Binary random variable"," Discrete random variable"," Random_Variable"," types_of_variable"
"What type of random variable represents measurements on a continuous scale, such as height or temperature?"," Discrete random variable"," Categorical variable"," Continuous random variable"," Binary variable"," Continuous random variable"," Random_Variable"," types_of_variable"
"Which of the following is an example of a discrete variable?"," Height of students"," Number of cars in a parking lot"," Temperature of a room"," Time taken to run a race"," Number of cars in a parking lot"," Random_Variable"," types_of_variable"
"A variable that can take on an infinite number of values within a range, like weight, is called what?"," Discrete variable"," Continuous variable"," Categorical variable"," Binary variable"," Continuous variable"," Random_Variable"," types_of_variable"
"Which of the following describes a continuous variable?"," It can only take specific values"," It has a fixed number of possible outcomes"," It can take any value within a given range"," It is always an integer"," It can take any value within a given range"," Random_Variable"," types_of_variable"
"Which of the following is a continuous variable?"," Number of siblings"," Age in years"," Distance traveled by a car"," Number of books read"," Distance traveled by a car"," Random_Variable"," types_of_variable"
"The number of goals scored in a soccer match is an example of what type of variable?"," Continuous variable"," Discrete variable"," Binary variable"," Categorical variable"," Discrete variable"," Random_Variable"," types_of_variable"
"Which type of variable is 'number of students in a classroom'?"," Continuous variable"," Discrete variable"," Categorical variable"," Binary variable"," Discrete variable"," Random_Variable"," types_of_variable"
"A variable measuring 'time spent studying in hours' would be classified as?"," Discrete variable"," Continuous variable"," Categorical variable"," Binary variable"," Continuous variable"," Random_Variable"," types_of_variable"
"If a variable can only take on whole numbers, such as number of pets, it is known as?"," Continuous variable"," Binary variable"," Discrete variable"," Categorical variable"," Discrete variable"," Random_Variable"," types_of_variable"
"Which of the following represents a continuous variable?"," Number of students"," Shoe size"," Length of a table"," Number of books"," Length of a table"," Random_Variable"," types_of_variable"
"What type of variable is 'temperature in Celsius'?"," Continuous variable"," Discrete variable"," Binary variable"," Categorical variable"," Continuous variable"," Random_Variable"," types_of_variable"
"Which of the following represents the PMF for a fair six-sided die?"," P(X=x) = \( \frac{1}{6} \)"," P(X=x) = \( \frac{1}{2} \)"," P(X=x) = \( x \)"," P(X=x) = \( \frac{x}{6} \)"," P(X=x) = \( \frac{1}{6} \)"," Random_Variable"," pmf_example"
"For a discrete random variable representing the number of heads when flipping a coin twice, what is P(X=2)?"," 0"," \( \frac{1}{4} \)"," \( \frac{1}{2} \)"," \( \frac{3}{4} \)"," \( \frac{1}{4} \)"," Random_Variable"," pmf_example"
"In a PMF, what must the sum of all probabilities equal?"," 0"," 1"," Depends on the variable"," Not defined"," 1"," Random_Variable"," pmf_example"
"If a random variable X has a PMF defined as P(X=0) = \( \frac{1}{2} \), P(X=1) = \( \frac{1}{3} \), and P(X=2) = \( \frac{1}{6} \), what is P(X=1)?"," \( \frac{1}{2} \)"," \( \frac{1}{3} \)"," \( \frac{1}{6} \)"," 1"," \( \frac{1}{3} \)"," Random_Variable"," pmf_example"
"Which of the following is NOT a requirement of a valid PMF?"," P(X=x) ≥ 0"," Sum of P(X=x) = 1"," P(X=x) ≤ 1"," P(X=x) = 1 for some x"," P(X=x) = 1 for some x"," Random_Variable"," pmf_example"
"Which of the following represents the PMF for a fair six-sided die?"," P(X=x) = \( \frac{1}{6} \)"," P(X=x) = \( \frac{1}{2} \)"," P(X=x) = \( x \)"," P(X=x) = \( \frac{x}{6} \)"," P(X=x) = \( \frac{1}{6} \)"," Random_Variable"," pmf_example"
"For a discrete random variable representing the number of heads when flipping a coin twice, what is P(X=2)?"," 0"," \( \frac{1}{4} \)"," \( \frac{1}{2} \)"," \( \frac{3}{4} \)"," \( \frac{1}{4} \)"," Random_Variable"," pmf_example"
"In a PMF, what must the sum of all probabilities equal?"," 0"," 1"," Depends on the variable"," Not defined"," 1"," Random_Variable"," pmf_example"
"If a random variable X has a PMF defined as P(X=0) = \( \frac{1}{2} \), P(X=1) = \( \frac{1}{3} \), and P(X=2) = \( \frac{1}{6} \), what is P(X=1)?"," \( \frac{1}{2} \)"," \( \frac{1}{3} \)"," \( \frac{1}{6} \)"," 1"," \( \frac{1}{3} \)"," Random_Variable"," pmf_example"
"Which of the following is NOT a requirement of a valid PMF?"," P(X=x) ≥ 0"," Sum of P(X=x) = 1"," P(X=x) ≤ 1"," P(X=x) = 1 for some x"," P(X=x) = 1 for some x"," Random_Variable"," pmf_example"
"Limitations of published statistics in Bangladesh are – \ni. Wrong data collection method \nii. Insufficient data \niii. Lack of proper training \nWhich one is correct?"," i and ii"," i and iii"," ii and iii"," i, ii and iii"," i, ii and iii"," Statistics"," Data Collection Limitations"
"Calculate \( \displaystyle \sum_{x=1}^{5} x_i \) for the values \( x_1 = 2 \), \( x_2 = 4 \), \( x_3 = 6 \), \( x_4 = 8 \), and \( x_5 = 10 \). What is the result?"," 20"," 30"," 25"," 35"," 30"," Preliminaries"," Summation Symbol"
"What is the value of \( \displaystyle \sum_{k=1}^{3} (3x_k + 1) \) using values \( x_1 = 2 \), \( x_2 = 3 \), and \( x_3 = 5 \)?"," 28"," 27"," 24"," 20"," 28"," Preliminaries"," Summation Symbol"
"Find \( \displaystyle \sum_{n=1}^{4} x_n^2 \) using values \( x_1 = 2 \), \( x_2 = 3 \), \( x_3 = 5 \), and \( x_4 = 7 \)."," 75"," 63"," 87"," 83"," 87"," Preliminaries"," Summation Symbol"
"What is the result of \( \displaystyle \sum_{j=1}^{3} (x_j^2 - 2x_j) \) for values \( x_1 = 3 \), \( x_2 = 4 \), and \( x_3 = 6 \)?"," 6"," 8"," 12"," 10"," 6"," Preliminaries"," Summation Symbol"
"Calculate \( \displaystyle \sum_{m=1}^{4} (2x_m + 3) \) using values \( x_1 = 1 \), \( x_2 = 4 \), \( x_3 = 5 \), and \( x_4 = 7 \)."," 48"," 47"," 46"," 45"," 47"," Preliminaries"," Summation Symbol"
"Calculate \( \displaystyle \sum_{x=1}^{4} (2x_i + 3) \) for values \( x_1 = 3 \), \( x_2 = 5 \), \( x_3 = 1 \), and \( x_4 = 4 \)."," 36"," 40"," 38"," 42"," 38"," Preliminaries"," Summation Symbol"
"Find \( \displaystyle \sum_{k=1}^{3} \frac{3x_k}{2} + 1 \) using values \( x_1 = 4 \), \( x_2 = 8 \), and \( x_3 = 6 \)."," 25"," 27"," 28"," 26"," 27"," Preliminaries"," Summation Symbol"
"What is the value of \( \displaystyle \sum_{n=1}^{5} (x_n^2 - x_n) \) for values \( x_1 = 2 \), \( x_2 = 3 \), \( x_3 = 5 \), \( x_4 = 6 \), and \( x_5 = 4 \)?"," 44"," 46"," 48"," 50"," 48"," Preliminaries"," Summation Symbol"
"Calculate \( \displaystyle \sum_{j=1}^{4} \left( \frac{x_j}{2} + 3x_j \right) \) for values \( x_1 = 2 \), \( x_2 = 5 \), \( x_3 = 7 \), and \( x_4 = 4 \)."," 56"," 58"," 60"," 62"," 58"," Preliminaries"," Summation Symbol"
"What is the result of \( \displaystyle \sum_{m=1}^{3} (4x_m^2 - 3x_m) \) using values \( x_1 = 1 \), \( x_2 = 3 \), and \( x_3 = 2 \)?"," 20"," 30"," 26"," 24"," 26"," Preliminaries"," Summation Symbol"
"Which of the following statements correctly defines a variable in statistics?"," A fixed value that does not change"," A characteristic or attribute that can take on different values"," A measurement that is always numerical"," A value that represents the average of a data set"," A characteristic or attribute that can take on different values"," Statistics"," Variable and Constant"
"In an experiment measuring the effect of temperature on plant growth, which of the following would be considered a constant?"," The type of plant used"," The temperature at which the experiment is conducted"," The amount of sunlight the plants receive"," The height of the plants measured at the end of the experiment"," The type of plant used"," Statistics"," Variable and Constant"
"What type of measurement scale is used when categorizing people by their blood type (A, B, AB, O)?", "Nominal", "Ordinal", "Interval", "Ratio", "Nominal", "Preliminaries", "Measurement Scale"
"Which measurement scale is appropriate for ranking students as 1st, 2nd, and 3rd in a competition?", "Nominal", "Ordinal", "Interval", "Ratio", "Ordinal", "Preliminaries", "Measurement Scale"
"What scale of measurement is used when measuring temperature in Celsius?", "Nominal", "Ordinal", "Interval", "Ratio", "Interval", "Preliminaries", "Measurement Scale"
"In which type of scale does zero represent the absence of the measured quantity, such as in measuring weight?", "Nominal", "Ordinal", "Interval", "Ratio", "Ratio", "Preliminaries", "Measurement Scale"
"Which scale of measurement allows both categorizing and meaningful differences between values but lacks an absolute zero, like calendar years?", "Nominal", "Ordinal", "Interval", "Ratio", "Interval", "Preliminaries", "Measurement Scale"
"When classifying animals into groups like mammals, reptiles, and birds, which measurement scale is used?", "Nominal", "Ordinal", "Interval", "Ratio", "Nominal", "Preliminaries", "Measurement Scale"
"Which scale is appropriate when grading a survey from 'Strongly Agree' to 'Strongly Disagree'?", "Nominal", "Ordinal", "Interval", "Ratio", "Ordinal", "Preliminaries", "Measurement Scale"
"What measurement scale would apply to an individual's height in centimeters?", "Nominal", "Ordinal", "Interval", "Ratio", "Ratio", "Preliminaries", "Measurement Scale"
"Which scale is used when measuring time in minutes on a stopwatch?", "Nominal", "Ordinal", "Interval", "Ratio", "Ratio", "Preliminaries", "Measurement Scale"
"When using numbers on a satisfaction scale from 1 to 5, without assuming equal intervals, what type of scale is this?", "Nominal", "Ordinal", "Interval", "Ratio", "Ordinal", "Preliminaries", "Measurement Scale"
"Which scale of measurement applies to assigning jersey numbers to players on a sports team?", "Nominal", "Ordinal", "Interval", "Ratio", "Nominal", "Preliminaries", "Measurement Scale"
"In classifying earthquake intensity using a scale from 1 to 10, what type of measurement scale is used?", "Nominal", "Ordinal", "Interval", "Ratio", "Ordinal", "Preliminaries", "Measurement Scale"
"What scale of measurement is used for calculating the pH level of a solution?", "Nominal", "Ordinal", "Interval", "Ratio", "Interval", "Preliminaries", "Measurement Scale"
"If a variable \( x \) is transformed by the formula \( y = 2x + 3 \), what type of transformation is this?", "Change of origin", "Change of scale", "Change of origin and scale", "No transformation", "Change of origin and scale", "Preliminaries", "Change of Origin and Scale"
"A variable \( x \) is converted to \( y = 5x \). This transformation involves:", "Only a change of origin", "Only a change of scale", "Change of origin and scale", "Neither change of origin nor scale", "Only a change of scale", "Preliminaries", "Change of Origin and Scale"
"Given \( x \) values 5, 10, 15, if transformed by \( y = x - 2 \), what will the new values be?", "3, 8, 13", "7, 12, 17", "10, 15, 20", "0, 5, 10", "3, 8, 13", "Preliminaries", "Change of Origin and Scale"
"Which transformation would apply a change of origin but not a change of scale?", "y = x + 4", "y = 3x", "y = 2x + 5", "y = 4x - 3", "y = x + 4", "Preliminaries", "Change of Origin and Scale"
"If \( x \) values are 6, 12, 18, and transformed by \( y = \frac{x}{2} + 1 \), what are the \( y \) values?", "3, 6, 9", "4, 7, 10", "5, 10, 15", "2, 4, 6", "4, 7, 10", "Preliminaries", "Change of Origin and Scale"
"According to the summation theorem, what is \( \sum (x_i + y_i) \) equal to?", "\( \sum x_i + \sum y_i \)", "\( \sum x_i - \sum y_i \)", "\( 2 \sum x_i \)", "\( \sum (x_i y_i) \)", "\( \sum x_i + \sum y_i \)", "Preliminaries", "Summation Theorem"
"If \( x_i = 3 \) for \( i = 1, 2, 3, 4 \), what is \( \sum (4x_i) \) using the summation theorem?", "12", "16", "48", "24", "48", "Preliminaries", "Summation Theorem"
"Using the theorem \( \sum (x_i - a) = \sum x_i - n \cdot a \), if \( a = 2 \) and \( \sum x_i = 20 \) for \( n = 5 \), what is \( \sum (x_i - 2) \)?", "10", "0", "20", "5", "10", "Preliminaries", "Summation Theorem"
"If \( x_i = 2, 4, 6, 8 \) and \( f_i = 1, 2, 1, 3 \), what is \( \sum f_i x_i \)?", "42", "36", "32", "28", "42", "Preliminaries", "Summation Theorem"
"Using summation theorems, how is \( \sum (x_i^2) \) calculated when \( x_i = 1, 2, 3 \)?", "6", "14", "10", "9", "14", "Preliminaries", "Summation Theorem"
"If \( \sum f_i = 10 \) and \( \sum f_i x_i = 50 \), what is the mean \( \bar{x} \) using these values?", "5", "10", "50", "0.5", "5", "Preliminaries", "Summation Theorem"
"If \( x_i = 3, 5, 7 \) and \( f_i = 2, 1, 3 \), what is \( \sum f_i x_i^2 \)?", "83", "95", "75", "85", "83", "Preliminaries", "Summation Theorem"
"Given \( x_i = 1, 2, 3, 4 \) and \( f_i = 1, 2, 1, 3 \), what is \( \sum f_i^2 \)?", "15", "12", "10", "9", "15", "Preliminaries", "Summation Theorem"
"If \( x_i = 2, 4, 6 \), calculate \( \sum (x_i - 2)^2 \) using summation rules.", "28", "20", "16", "24", "20", "Preliminaries", "Summation Theorem"
"When \( x_i = 1, 2, 3 \), what is \( \sum (x_i^3) \)?", "36", "30", "42", "27", "36", "Preliminaries", "Summation Theorem"
"If \( x_i = 3, 5, 7 \) and \( f_i = 2, 1, 2 \), what is \( \sum f_i (x_i - 2)^2 \)?", "32", "40", "28", "30", "32", "Preliminaries", "Summation Theorem"
"If \( x_i = 2, 4, 6, 8 \) and \( f_i = 3, 1, 2, 1 \), what is \( \sum f_i x_i^2 \)?", "160", "170", "150", "140", "160", "Preliminaries", "Summation Theorem"
"For values \( x_i = 1, 3, 5 \) and \( f_i = 1, 4, 2 \), what is \( \sum f_i x_i \)?", "21", "19", "20", "22", "21", "Preliminaries", "Summation Theorem"
"If \( x_i = 1, 2, 3, 4 \) and \( f_i = 2, 3, 1, 4 \), what is \( \sum f_i^2 x_i \)?", "33", "31", "29", "35", "33", "Preliminaries", "Summation Theorem"
"For \( x_i = 2, 3, 4 \) and \( f_i = 2, 2, 3 \), calculate \( \sum (x_i - 1)^2 f_i \).", "16", "18", "20", "22", "20", "Preliminaries", "Summation Theorem"
"If \( x_i = 2, 5, 7 \) and \( f_i = 1, 3, 2 \), what is \( \sum f_i (x_i - 3)^3 \)?", "40", "50", "60", "55", "50", "Preliminaries", "Summation Theorem"
"Given \( x_i = 3, 4, 5 \) and \( f_i = 2, 3, 1 \), calculate \( \sum (f_i x_i)^2 \).", "110", "120", "130", "140", "130", "Preliminaries", "Summation Theorem"
"If \( x_i = 1, 3, 6 \) and \( f_i = 3, 2, 4 \), find \( \sum f_i (x_i + 2)^2 \).", "200", "210", "220", "190", "210", "Preliminaries", "Summation Theorem"
"For values \( x_i = 2, 3, 4 \) and \( f_i = 1, 2, 3 \), calculate \( \sum f_i x_i^3 \).", "108", "110", "112", "114", "108", "Preliminaries", "Summation Theorem"
"If \( x_i = 2, 4, 6 \) and \( f_i = 2, 1, 3 \), what is \( \sum f_i (x_i - 2)^3 \)?", "50", "48", "52", "54", "48", "Preliminaries", "Summation Theorem"
"Given \( x_i = 3, 5, 7, 9 \) and \( f_i = 1, 1, 2, 2 \), calculate \( \sum f_i (x_i + 1)^2 \).", "220", "224", "218", "216", "220", "Preliminaries", "Summation Theorem"
